id;name;description;created_date;last_modified_date;created_by;last_modified_by
1;whose;very provided blah;2024-09-30T01:50:49;2024-09-30T10:59:19;tremendously;overburden smoothly
2;gee;within;2024-09-30T06:03:20;2024-09-30T18:19:23;marksman;hm chow sympathetically
3;lovely;similar bossy furthermore;2024-09-30T02:46:50;2024-09-30T23:18:31;to uncommon;um
4;commemorate yearningly;perky provided hourly;2024-09-30T10:19:06;2024-09-30T10:18:39;hm nun;summarise awkwardly afore
5;sashay;however for boohoo;2024-09-30T05:25:46;2024-09-30T12:50:52;commemorate;but failing
6;nicely;psst pro;2024-09-30T09:10:43;2024-09-30T18:58:24;across;yum aboard
7;positively inhibit;mostly yippee how;2024-09-30T02:04:03;2024-09-30T07:19:50;amazing yet;geez
8;meanwhile print right;vibration greatly;2024-09-30T08:03:06;2024-09-30T08:34:20;slipper by;downright shadowbox
9;whereas eggplant ew;sour shyly;2024-09-30T20:37:19;2024-09-30T04:50:40;when ugh;favorable whoever
10;ha metabolise yak;stiff;2024-09-30T05:56:33;2024-09-30T21:32:54;and fit scholarship;flight awful
