id;name;age;roll_no;address
1;pace;13608;incidentally;via but
2;spirited solemnly account;17275;indeed underneath out;troubled notwithstanding
3;rule;30511;nor;repeatedly moralise
4;finally onto inspection;8480;knowledgeably huzzah;whereas
5;ugh mockingly;17512;except;embarrassment
6;frightfully receptor;14510;upbeat mmm vol;within against spellcheck
7;baggy beside searchingly;5264;jubilantly;handy ugh
8;boldly plump gah;29107;after exhausted stage;of underneath
9;consequently yum;12745;intermesh soggy;downchange oxygenate
10;issue;20001;wafer airbrush seemingly;blah adult
